feature,var
0,0.009774756
1,0.0094842855
2,0.7650783
3,0.7025165
4,0.7283398
5,0.8236321
6,0.6203363
7,0.67756164
8,0.60035115
9,0.8065103
