feature,KS_stat,p_value
spread_z,0.06823810708151012,1.2859110352554626e-81
imbalance_z,0.2016720285513844,0.0
d_mid_z,0.09882818625418616,6.562707722347916e-171
