feature,var
0,0.008793699
1,0.009756524
2,0.9473147
3,0.75303113
4,0.76470184
5,0.8436381
6,0.7121701
7,0.90609086
8,0.7863866
9,0.6754043
