feature,var
0,0.013346408
1,0.020648688
2,0.42396438
3,0.6845
4,0.45847505
5,0.63654983
6,0.76028275
7,0.38189197
8,0.5358522
9,0.4964165
