feature,var
0,0.018150661
1,0.02506781
2,0.6735795
3,0.87537694
4,0.7206369
5,0.815693
6,0.7838145
7,0.6547829
8,0.7618549
9,0.727159
