feature,KS_stat,p_value
spread_z,0.08492145191968414,8.784623918069124e-127
imbalance_z,0.20430197339982792,0.0
d_mid_z,0.10329956878058141,1.5728183220963825e-187
